961174476-5,Anastasia,Emanuel,Botsford,1978-04-14 01:25:15 -0800,Female,Hispanic
876447866-1,Kailey,Mitchell,Quigley,1957-01-19 14:06:20 -0800,Male,Hispanic
498967477-4,Roslyn,Fatima,DuBuque,1951-02-19 13:16:05 -0800,Male,American Indian or Alaskan Native
922207546-3,Demetris,Rey,Leuschke,1985-07-14 13:25:28 -0700,Male,American Indian or Alaskan Native
424231655-0,Alycia,Octavia,Mante,1964-03-23 06:34:45 -0800,Female,Asian or Pacific Islander
846465311-5,Adella,Carolina,O'Reilly,1983-02-15 19:46:31 -0800,Female,Hispanic
353863627-3,Lloyd,Porter,Stamm,1951-07-26 21:16:55 -0700,Female,American Indian or Alaskan Native
663759344-3,Damien,Alfredo,Bruen,1971-06-22 12:39:34 -0700,Male,Hispanic
733209101-1,Aaron,Morton,Walter,1995-05-16 10:43:01 -0700,Female,White
479930489-5,Marilie,Agnes,Lehner,1953-04-14 04:34:57 -0800,Male,Black
782844531-8,Eugene,Ignacio,Breitenberg,1973-04-09 04:42:37 -0800,Male,American Indian or Alaskan Native
766507973-3,Maryjane,Timothy,Robel,1981-09-11 06:48:42 -0700,Male,Hispanic
476305573-9,Orie,Assunta,Rath,1975-10-19 07:12:57 -0700,Male,White
073234927-3,Adam,Mariah,Buckridge,1985-05-18 16:05:41 -0700,Male,American Indian or Alaskan Native
253698130-4,Etha,Landen,Bergstrom,1992-08-08 08:43:27 -0700,Male,Asian or Pacific Islander
949165802-6,Eusebio,Amelia,Labadie,1992-05-22 16:29:59 -0700,Male,White
725870669-0,Julianne,Alycia,Skiles,1993-05-11 04:47:40 -0700,Female,Asian or Pacific Islander
704592373-2,Felix,Flo,Rohan,1953-05-19 14:31:03 -0700,Female,American Indian or Alaskan Native
171919009-7,Marina,Caroline,Turner,1955-05-05 17:29:59 -0700,Female,American Indian or Alaskan Native
018019009-1,Rose,Vivian,Schumm,1994-06-29 23:31:19 -0700,Female,Black
076007510-7,Noah,Warren,Ruecker,1976-09-09 16:48:53 -0700,Male,Asian or Pacific Islander
994664123-2,Kelton,Aryanna,Moen,1980-12-08 20:08:14 -0800,Male,Asian or Pacific Islander
510501745-5,Colten,Ebba,Klein,1967-05-09 08:11:06 -0700,Male,Black
016675516-8,Ines,Damien,Marquardt,1952-11-24 19:59:00 -0800,Female,Asian or Pacific Islander
823530624-7,Emmet,Nikki,Huel,1984-03-16 15:30:23 -0800,Male,Hispanic
971123373-8,Keaton,Vincent,Schneider,1990-06-27 06:35:46 -0700,Male,White
967830226-8,Reyes,Amber,Doyle,1957-01-21 10:15:13 -0800,Male,Hispanic
639589141-3,Halle,Winifred,Carter,1949-01-29 02:40:53 -0800,Female,American Indian or Alaskan Native
061994568-0,Jamaal,Halie,Harber,1980-07-21 09:06:39 -0700,Female,Black
274012221-7,Yolanda,Allison,Hamill,1990-10-19 09:04:58 -0700,Male,American Indian or Alaskan Native
768597208-5,Justice,Mollie,Schaden,1993-12-31 11:35:29 -0800,Female,Asian or Pacific Islander
887953844-6,Dallas,Gayle,Murphy,1986-02-07 12:13:36 -0800,Female,Hispanic
819461386-8,Jennings,Braulio,Auer,1984-01-20 19:22:05 -0800,Male,Black
409330412-2,Elvis,Arianna,Sipes,1978-10-25 21:25:38 -0700,Female,Asian or Pacific Islander
492640967-4,Dudley,Bethel,Daugherty,1971-06-21 09:34:30 -0700,Female,White
151409186-0,Tiara,Vincent,Adams,1979-09-05 10:06:04 -0700,Male,Asian or Pacific Islander
153448879-0,Lue,Ignatius,Stamm,1979-03-02 18:44:56 -0800,Female,Hispanic
329243165-4,Janice,Grayson,Glover,1951-02-20 12:41:27 -0800,Male,Black
876373951-8,Elaina,Kyra,White,1974-08-31 23:04:51 -0700,Female,White
600593552-6,Ilene,Zoey,Feest,1976-05-03 03:26:28 -0700,Male,American Indian or Alaskan Native
356749690-5,Steve,Tom,Toy,1959-07-11 21:39:02 -0700,Female,Black
615631702-3,Treva,Kelton,Heaney,1963-11-28 14:14:35 -0800,Male,Black
101849351-4,Emilie,Chyna,Koch,1997-11-04 06:47:17 -0800,Female,White
866211389-3,Bernardo,Sebastian,Bartell,1985-02-28 08:38:04 -0800,Male,White
334635894-1,Elza,Sienna,Crona,1965-08-14 13:43:47 -0700,Male,American Indian or Alaskan Native
508343337-0,Lonzo,Ron,Rau,1961-01-25 01:36:28 -0800,Male,Asian or Pacific Islander
455899698-5,Maude,Marquis,Gerhold,1982-03-08 10:16:38 -0800,Female,White
554178336-4,Joe,Ariane,Pfannerstill,1982-03-01 17:12:10 -0800,Male,Hispanic
398081253-7,Valentine,Pattie,Bahringer,1948-03-06 21:11:21 -0800,Female,American Indian or Alaskan Native
617441555-4,Jettie,Breanne,Greenfelder,1964-10-12 00:11:32 -0700,Female,American Indian or Alaskan Native
944280740-4,Eunice,Duncan,Moore,1971-08-11 03:41:57 -0700,Male,White
899320615-5,Esta,Timothy,Carter,1987-09-11 12:32:15 -0700,Female,White
667431954-6,Wilton,Connie,Roberts,1958-05-24 02:55:40 -0700,Female,Black
975942655-2,Kelsie,Eloisa,Jacobson,1978-05-02 17:59:14 -0700,Male,Asian or Pacific Islander
916851330-5,Celestine,Berta,Schimmel,1963-04-13 03:21:01 -0800,Female,Asian or Pacific Islander
486931609-9,Helmer,Stanford,Hartmann,1994-02-16 04:51:33 -0800,Male,American Indian or Alaskan Native
202081556-7,Fidel,Leonie,D'Amore,1991-08-31 14:38:17 -0700,Male,Black
390324829-0,Madalyn,Jamey,Orn,1995-07-26 01:41:46 -0700,Female,Asian or Pacific Islander
097049822-5,Lemuel,Kacie,Swift,1952-09-27 16:51:19 -0700,Male,American Indian or Alaskan Native
193507474-1,Lavada,Stacey,Langosh,1968-02-24 00:17:58 -0800,Male,Black
835886712-3,Makenzie,Katrine,Rogahn,1955-01-21 04:05:03 -0800,Male,Black
483758021-1,Nasir,Jake,Mohr,1977-02-16 17:13:08 -0800,Female,Asian or Pacific Islander
808857502-8,Candace,Justine,Keebler,1987-06-28 15:05:03 -0700,Female,White
201811173-6,Virginia,Columbus,Champlin,1967-11-10 13:25:21 -0800,Male,Hispanic
297967348-X,Kennedy,Robbie,Borer,1948-04-13 14:15:38 -0700,Female,Hispanic
919094447-X,Marisa,Winona,Balistreri,1963-10-11 15:11:15 -0700,Female,American Indian or Alaskan Native
737492631-6,Rachael,Eliza,Nolan,1976-02-28 05:47:03 -0800,Male,Hispanic
941903428-3,Dario,Floy,Dach,1967-09-21 11:07:49 -0700,Female,Hispanic
620855285-0,Eleazar,Jean,Littel,1987-05-23 10:50:30 -0700,Male,White
554107426-6,Adell,Crawford,Windler,1957-04-21 22:22:56 -0800,Female,White
658154402-7,Edd,Genoveva,Jast,1989-12-12 12:09:08 -0800,Male,American Indian or Alaskan Native
282496859-1,Rozella,Raquel,Bahringer,1986-02-26 02:57:35 -0800,Female,Hispanic
256263824-7,Jamie,Freeman,Marquardt,1997-10-29 20:08:33 -0800,Male,Asian or Pacific Islander
107757866-0,Bianka,Dangelo,Bahringer,1961-12-01 17:58:47 -0800,Male,White
923724661-7,Rose,Bettie,Lemke,1973-09-27 08:05:03 -0700,Male,American Indian or Alaskan Native
954033824-7,Crawford,Matteo,Skiles,1948-10-27 01:49:10 -0700,Female,Black
288787964-2,Khalid,Bryon,Veum,1992-08-06 21:01:40 -0700,Female,Hispanic
094332095-X,Sadie,Ward,Pollich,1985-02-13 20:19:32 -0800,Male,Asian or Pacific Islander
672087849-2,Tia,Delphia,Swaniawski,1980-06-22 15:42:57 -0700,Female,White
277077544-8,Polly,Dorothy,Schulist,1978-12-10 06:15:40 -0800,Female,Hispanic
018809970-0,Erna,Keon,Bartell,1991-03-17 06:50:10 -0800,Female,American Indian or Alaskan Native
107357256-0,Vickie,Sterling,Luettgen,1996-10-31 19:34:39 -0800,Male,Hispanic
290597895-3,Katarina,Sister,Greenfelder,1974-07-29 17:42:43 -0700,Female,White
981838469-5,Elroy,Kacey,Runolfsson,1973-10-28 13:59:41 -0800,Male,Hispanic
359025657-5,Aliyah,Carolanne,Kuhn,1982-02-16 19:29:53 -0800,Male,White
601264832-4,Preston,Rozella,Strosin,1996-01-24 22:10:43 -0800,Female,White
809972962-5,Dax,Chase,Bruen,1964-09-02 17:17:17 -0700,Male,Asian or Pacific Islander
538117328-8,Lance,Elda,Wilderman,1969-04-30 01:09:09 -0700,Female,White
714036333-1,Jayden,Mohammad,Stoltenberg,1990-04-12 10:34:16 -0700,Male,Hispanic
609151894-1,Derek,Rosemarie,Harris,1979-09-16 22:05:50 -0700,Male,Black
384003872-3,Jonatan,Jodie,Treutel,1998-05-08 06:21:50 -0700,Female,American Indian or Alaskan Native
287770771-7,Humberto,Amie,Runte,1977-01-05 01:58:44 -0800,Female,White
203769219-6,Isai,Erika,Kshlerin,1956-03-22 15:10:53 -0800,Female,Black
877515993-7,Cristal,Aisha,Goldner,1979-05-09 09:50:38 -0700,Female,Black
842603673-2,Walter,Name,Kilback,1959-12-01 06:04:20 -0800,Female,American Indian or Alaskan Native
748597288-X,Wanda,Lesly,Monahan,1980-08-15 10:24:56 -0700,Female,White
986733949-5,Kristopher,Geovanny,Schumm,1987-12-30 23:14:29 -0800,Female,Black
813246518-0,Alvena,Fabian,Hoppe,1983-05-12 23:47:25 -0700,Female,Black
612806765-4,Elmira,Retha,Rau,1954-03-01 07:54:31 -0800,Female,White
597508816-X,Oleta,Araceli,Schuppe,1995-06-18 06:14:39 -0700,Male,Black
814228653-X,Neoma,Merritt,King,1992-02-15 02:55:38 -0800,Female,Hispanic
248112059-0,Chaz,Jared,Kovacek,1961-12-14 12:27:05 -0800,Female,White
692389994-X,Presley,Micheal,Gulgowski,1950-07-30 01:51:19 -0700,Male,American Indian or Alaskan Native
523566881-2,Micah,Isac,Bradtke,1959-12-07 21:18:38 -0800,Male,Black
883989743-7,Ezekiel,Kory,Hills,1948-07-31 23:46:03 -0700,Female,Black
949919417-7,Mathew,Deron,Monahan,1992-04-14 17:59:44 -0700,Female,American Indian or Alaskan Native
047831433-7,Dandre,Kristofer,Stroman,1968-01-13 23:49:11 -0800,Male,Hispanic
436086206-7,Declan,Alf,Fay,1993-11-07 01:34:11 -0800,Male,American Indian or Alaskan Native
286992492-5,Cole,Javonte,Thompson,1996-07-05 21:44:15 -0700,Female,Hispanic
548040130-0,Franco,Harold,Nitzsche,1995-06-25 12:49:58 -0700,Male,Asian or Pacific Islander
223325625-5,Carson,Patricia,Padberg,1989-06-25 22:53:57 -0700,Male,American Indian or Alaskan Native
898786259-3,Nicola,Jaleel,Hoeger,1990-08-02 12:40:15 -0700,Female,American Indian or Alaskan Native
152780868-8,Barrett,Reese,Dicki,1947-04-30 15:28:54 -0800,Female,Black
263987139-0,Dan,Brandy,Gottlieb,1979-04-28 13:29:08 -0800,Female,Asian or Pacific Islander
155523607-3,Evie,Alejandra,Sporer,1966-09-12 17:54:09 -0700,Male,Hispanic
995324195-3,Silas,Gilberto,Hartmann,1996-09-24 07:48:55 -0700,Male,White
338453790-4,Kris,Khalil,Abbott,1952-05-25 13:12:16 -0700,Female,Hispanic
299205757-6,Cooper,Rashawn,Fadel,1963-05-12 21:27:30 -0700,Male,Asian or Pacific Islander
091446613-5,Pierce,Hermina,Waelchi,1976-02-21 18:50:27 -0800,Male,Hispanic
699275651-6,Clare,Cecelia,Langworth,1951-08-25 15:59:12 -0700,Male,American Indian or Alaskan Native
003268496-7,Ofelia,Eldora,Schimmel,1982-10-30 23:42:52 -0700,Male,American Indian or Alaskan Native
407184848-0,Mervin,Edd,Ankunding,1993-04-10 13:01:23 -0700,Female,Black
283482074-0,Aniya,Isai,Howell,1959-12-24 09:32:06 -0800,Female,American Indian or Alaskan Native
042221155-9,Alice,Mitchel,Franecki,1954-09-04 15:28:18 -0700,Male,Black
085415948-7,Lucienne,Savannah,Harris,1947-10-05 16:26:55 -0800,Male,Hispanic
268394008-4,Bonnie,Earnestine,Douglas,1985-11-14 16:19:54 -0800,Male,Hispanic
436237248-2,Enos,Kelly,Nikolaus,1951-04-05 12:52:24 -0800,Male,White
625157183-7,Triston,Piper,Hayes,1954-07-22 04:46:21 -0700,Female,Hispanic
136573316-5,Edward,Joanne,Bogisich,1950-08-04 23:14:31 -0700,Male,White
275578368-0,Micaela,Jarrett,Kirlin,1965-01-17 12:00:01 -0800,Female,White
383129918-8,Augustine,Jamel,Wunsch,1987-11-16 14:12:55 -0800,Female,American Indian or Alaskan Native
815107796-4,Eusebio,Brendon,Larkin,1955-08-11 18:21:27 -0700,Male,Asian or Pacific Islander
160618505-5,Jevon,Gerda,Lubowitz,1987-12-13 15:20:35 -0800,Male,American Indian or Alaskan Native
259780041-5,Florida,Kattie,Corkery,1978-05-29 10:47:40 -0700,Female,White
425253499-2,Alivia,Marvin,Borer,1966-02-05 15:17:01 -0800,Male,White
019554734-9,Jerad,Gavin,Cassin,1975-01-14 02:10:59 -0800,Male,American Indian or Alaskan Native
972508240-0,Marcus,Eliane,Hermiston,1961-04-15 18:13:51 -0800,Female,Asian or Pacific Islander
814604460-3,Aracely,Kendrick,Cassin,1968-07-15 02:24:26 -0700,Male,Hispanic
386852526-2,Antonietta,Ansel,Champlin,1968-10-30 03:45:20 -0800,Male,Hispanic
796046662-9,Tony,Karlie,Heidenreich,1966-09-08 14:21:23 -0700,Male,Hispanic
374577474-4,Jennie,Adonis,Berge,1988-07-16 05:08:24 -0700,Male,Black
036005966-X,Karlie,Trent,Hane,1985-01-11 07:29:19 -0800,Female,Black
029031025-3,Elinor,Alvina,Tromp,1974-05-16 22:19:51 -0700,Female,American Indian or Alaskan Native
526620040-5,Blaise,Raphaelle,Kreiger,1971-09-06 06:58:29 -0700,Female,White
691579272-4,Fernando,Alycia,Jenkins,1997-05-15 22:26:30 -0700,Male,Asian or Pacific Islander
962132278-2,Oceane,Newell,Schiller,1993-06-22 02:28:41 -0700,Male,Asian or Pacific Islander
165956508-1,Stone,Ashly,Wyman,1972-06-11 08:57:35 -0700,Female,Black
274143567-7,Norbert,Wilburn,Schinner,1978-07-10 01:06:15 -0700,Female,American Indian or Alaskan Native
138680749-4,Jared,Sarah,Wilkinson,1995-11-04 13:45:14 -0800,Female,American Indian or Alaskan Native
650539112-6,Rosendo,Maribel,Pfeffer,1972-07-25 09:07:43 -0700,Male,White
998512890-7,Sheldon,Crystel,Gusikowski,1961-07-03 11:43:23 -0700,Female,White
606404937-5,Roosevelt,Brittany,Dickinson,1992-01-27 00:01:07 -0800,Female,White
631026949-6,Eladio,Maida,McCullough,1962-08-19 08:22:35 -0700,Male,Hispanic
608861100-6,Ruby,Octavia,Koelpin,1991-10-22 20:59:17 -0700,Female,Hispanic
469970072-1,Vidal,Josefa,Kshlerin,1975-12-09 13:23:43 -0800,Male,Asian or Pacific Islander
537373508-6,Tess,Sarina,DuBuque,1990-03-05 05:17:45 -0800,Female,White
702644481-6,Magdalen,Roberto,Kertzmann,1979-05-06 09:41:51 -0700,Female,American Indian or Alaskan Native
135692043-8,Tyra,Orlo,Kub,1984-10-15 20:09:27 -0700,Male,Black
344416222-7,Jarod,Rosa,Wisoky,1994-12-14 04:24:10 -0800,Female,White
059583120-6,Newell,Napoleon,Pfeffer,1971-06-10 00:32:44 -0700,Male,Black
777633487-1,Madelyn,Gertrude,Brekke,1955-06-25 15:23:17 -0700,Male,Asian or Pacific Islander
478137414-X,Felipa,Zelma,O'Kon,1951-12-18 04:56:58 -0800,Female,Asian or Pacific Islander
497682756-9,Laura,Janick,Spinka,1977-08-15 17:28:37 -0700,Female,Asian or Pacific Islander
039281553-2,Ashlee,Margie,Yundt,1949-12-05 11:16:05 -0800,Male,White
296476655-X,Floy,Eda,Kuhic,1948-10-20 03:47:48 -0700,Female,American Indian or Alaskan Native
077273460-7,Ardella,Casimer,Sauer,1975-07-26 02:38:30 -0700,Male,White
488475611-8,Brandt,Leila,Kulas,1956-06-08 14:15:53 -0700,Female,Hispanic
051289252-0,Adan,Oral,Powlowski,1988-07-19 00:31:44 -0700,Female,Black
648597045-2,Elisa,Kenton,Watsica,1957-03-23 17:30:52 -0800,Female,White
547487515-0,Lura,Mustafa,Haley,1969-01-23 21:32:40 -0800,Male,White
001876614-5,Aletha,Cassie,Jaskolski,1986-10-17 00:08:59 -0700,Male,Black
881905792-1,Sarah,Keshaun,Shields,1957-03-25 23:43:51 -0800,Male,White
769708593-3,Hester,Macy,Schinner,1997-12-16 17:58:04 -0800,Male,American Indian or Alaskan Native
609676692-7,Perry,Ari,Wintheiser,1958-09-09 09:04:51 -0700,Male,White
723304414-7,Johnson,Crystal,Gislason,1952-08-19 13:55:17 -0700,Male,American Indian or Alaskan Native
272575113-6,Rahul,Camden,Kihn,1979-12-09 04:57:41 -0800,Female,Hispanic
749859485-4,Angeline,Lavada,Crooks,1974-12-26 12:17:01 -0800,Female,Asian or Pacific Islander
960167968-5,Larue,Santino,Jast,1980-06-10 09:35:37 -0700,Male,Black
590554278-3,Brianne,Tania,Ratke,1974-02-14 18:39:09 -0700,Female,Hispanic
400196401-5,Delilah,Kade,Wunsch,1998-01-05 08:12:03 -0800,Female,Black
420174163-X,Norbert,Dashawn,Rowe,1987-08-31 20:21:12 -0700,Male,American Indian or Alaskan Native
878895664-4,Myrtis,Hugh,Von,1948-10-15 02:27:30 -0700,Female,American Indian or Alaskan Native
696835350-4,Dean,Sandy,Romaguera,1969-12-29 10:25:05 -0800,Male,Hispanic
688092524-3,Queen,Cathrine,Crooks,1974-04-05 17:14:51 -0700,Male,Hispanic
944303560-X,Joanne,Robbie,Pagac,1957-03-20 07:58:23 -0800,Male,Asian or Pacific Islander
693677457-1,Alexandrine,Virginie,Stamm,1964-04-21 15:12:28 -0800,Female,White
297591914-X,Herminio,Clifton,Bruen,1952-02-02 22:51:13 -0800,Female,Hispanic
254336567-2,Ervin,Aurelio,McLaughlin,1947-01-31 15:42:36 -0800,Female,Asian or Pacific Islander
176355084-2,Lillie,Magali,Runte,1973-04-17 11:53:16 -0800,Female,Asian or Pacific Islander
982104684-3,Brendon,Jerel,Bernhard,1969-10-23 13:45:42 -0700,Female,Hispanic
949253730-3,Mylene,Josiah,Romaguera,1956-11-04 04:54:55 -0800,Female,White
573760507-8,Jairo,Christine,Keebler,1987-02-14 15:16:44 -0800,Male,Asian or Pacific Islander
998230703-7,Brionna,Rupert,Rowe,1978-10-27 22:10:19 -0700,Male,Black
332306958-7,Elliot,Alec,Cassin,1962-12-29 12:25:48 -0800,Female,White
496461735-1,Nadia,Barrett,Prosacco,1966-04-21 08:11:31 -0800,Female,Hispanic
439485051-7,Olen,Trent,Stehr,1998-04-12 17:37:06 -0700,Male,American Indian or Alaskan Native
774139143-7,Dylan,Diana,Schamberger,1948-02-21 03:09:52 -0800,Female,Asian or Pacific Islander
285905316-6,Effie,Antonina,Von,1962-07-31 11:27:08 -0700,Male,Black
513229888-5,Nathanial,Hattie,Tromp,1971-03-10 00:37:40 -0800,Female,Asian or Pacific Islander
267906715-0,Shanon,Deanna,Hane,1983-07-08 16:05:05 -0700,Female,American Indian or Alaskan Native
278085463-4,Yoshiko,Adelle,Prohaska,1975-02-25 11:20:25 -0700,Male,Hispanic
169512925-3,Mariana,Princess,Predovic,1992-02-02 23:09:17 -0800,Female,American Indian or Alaskan Native
429859980-9,Graham,Carlos,Brakus,1988-01-17 02:02:31 -0800,Male,American Indian or Alaskan Native
512962585-4,Arnulfo,Sierra,Cormier,1958-08-12 03:50:34 -0700,Female,Hispanic
154516135-6,Russell,Wilburn,Armstrong,1983-07-18 11:22:24 -0700,Female,White
239515317-6,Ramiro,Hilda,Stehr,1987-08-15 11:33:19 -0700,Female,Hispanic
680441237-0,Gunner,Gillian,McClure,1989-09-15 08:42:08 -0700,Male,American Indian or Alaskan Native
415120920-4,Kamille,Hellen,Weimann,1950-02-13 17:48:12 -0800,Female,Black
345225238-8,Lacey,Lukas,Ankunding,1977-02-12 20:01:59 -0800,Female,Asian or Pacific Islander
308272024-2,Lydia,Willy,Jacobson,1967-09-08 00:22:01 -0700,Female,White
979886512-X,Quentin,Vincenza,Schimmel,1960-12-25 10:32:24 -0800,Female,White
754413260-9,Jabari,Francis,Jenkins,1969-05-21 13:22:40 -0700,Male,Black
588850689-3,Leopoldo,Astrid,Tremblay,1998-02-12 18:33:13 -0800,Male,American Indian or Alaskan Native
915772481-4,Franco,Orland,Thiel,1966-03-25 23:51:33 -0800,Female,Asian or Pacific Islander
267757302-4,Rachael,Alex,Smitham,1949-02-10 19:18:02 -0800,Male,Black
847541334-X,Victoria,Arthur,Fadel,1993-01-28 13:01:53 -0800,Female,American Indian or Alaskan Native
751336598-9,Billie,Minnie,Fadel,1994-07-14 16:41:50 -0700,Female,Hispanic
821586650-6,Rosetta,Christine,McClure,1993-05-26 04:36:08 -0700,Male,Hispanic
194872933-4,Cheyenne,Alf,Bruen,1963-02-13 04:21:39 -0800,Female,Hispanic
451764619-X,Myrtie,Deangelo,Wiegand,1998-09-09 04:18:38 -0700,Female,Hispanic
693527177-0,Norris,Noe,Senger,1984-03-05 19:49:44 -0800,Female,American Indian or Alaskan Native
516402738-0,Beulah,Osborne,Stamm,1967-08-05 02:57:59 -0700,Male,American Indian or Alaskan Native
874073972-4,Murl,Nolan,Purdy,1996-12-22 08:48:18 -0800,Male,Asian or Pacific Islander
329495680-0,Brannon,Kenyatta,Murphy,1966-05-30 08:10:10 -0700,Male,Asian or Pacific Islander
592606746-4,Gilda,Sim,Treutel,1957-02-24 00:04:09 -0800,Female,White
760181408-4,Domenic,Aurelio,Stanton,1957-03-26 06:04:06 -0800,Female,Asian or Pacific Islander
642301896-0,Geraldine,Verlie,Wolf,1957-10-25 20:13:55 -0800,Male,American Indian or Alaskan Native
906637638-4,Declan,Alfreda,Trantow,1994-12-07 06:51:09 -0800,Female,Hispanic
809369897-3,Elmira,Crawford,Douglas,1951-07-21 16:45:06 -0700,Male,Hispanic
968449178-6,Mitchell,Marjory,Gusikowski,1979-09-08 18:42:53 -0700,Female,Asian or Pacific Islander
564479495-4,Damian,Meta,Durgan,1980-07-15 20:22:25 -0700,Female,Hispanic
670077655-4,Yvette,Stefanie,Prohaska,1957-03-27 13:13:21 -0800,Female,American Indian or Alaskan Native
638404361-0,Jettie,Zack,Corkery,1951-04-30 03:19:01 -0700,Male,American Indian or Alaskan Native
130416836-0,Janelle,Nolan,Terry,1975-08-22 03:40:35 -0700,Female,Hispanic
311924220-9,Crawford,Vida,Howe,1974-10-05 19:10:32 -0700,Female,Hispanic
084593695-6,Vena,Priscilla,Crist,1978-02-10 03:23:47 -0800,Male,White
381915333-0,Sincere,Maurice,Altenwerth,1976-11-06 19:53:39 -0800,Female,Hispanic
103605665-1,Newell,Victor,Bartoletti,1984-09-28 12:41:10 -0700,Female,Hispanic
789396169-4,Arnaldo,Clemmie,DuBuque,1951-04-16 05:48:06 -0800,Female,Asian or Pacific Islander
353921423-2,Verner,Everardo,Robel,1983-07-20 22:50:26 -0700,Male,White
410463908-7,Agustina,Verla,O'Keefe,1962-10-06 23:43:47 -0700,Female,Asian or Pacific Islander
247633224-0,Emmanuelle,Amie,Mitchell,1981-01-29 00:23:14 -0800,Female,Asian or Pacific Islander
626186335-0,Kyla,Gwendolyn,Mohr,1964-09-24 16:26:19 -0700,Female,Black
477687251-X,Betsy,Marques,Hegmann,1972-11-09 04:53:35 -0800,Female,Asian or Pacific Islander
748943906-X,Tony,Luna,Ortiz,1990-10-23 16:27:31 -0700,Male,Asian or Pacific Islander
881761172-7,Saul,Terence,Harvey,1960-03-28 20:35:27 -0800,Male,Black
375847468-X,Clay,Wanda,Johns,1974-02-24 22:02:24 -0700,Male,Hispanic
538758565-0,Claire,Darrion,Welch,1987-11-20 23:16:53 -0800,Female,White
048917569-4,Bonita,Dorthy,Marquardt,1989-01-16 01:06:59 -0800,Male,White
665145518-4,Gilda,Odell,Nikolaus,1974-05-09 10:37:15 -0700,Male,Black
336418281-7,Derick,Flavie,Kovacek,1995-07-31 19:35:25 -0700,Male,American Indian or Alaskan Native
552227216-3,Kylee,Cathy,Harris,1982-09-09 10:10:27 -0700,Male,American Indian or Alaskan Native
951322964-5,Daisy,Jakayla,Heidenreich,1971-09-22 09:57:50 -0700,Female,Black
564824699-4,Oren,Evans,Pouros,1988-02-16 17:52:59 -0800,Male,Asian or Pacific Islander
452614272-7,Jaylin,Bo,Homenick,1994-01-29 06:04:34 -0800,Female,Hispanic
308517030-8,Henri,King,Wintheiser,1967-01-30 06:07:17 -0800,Male,Hispanic
376871166-8,Maudie,Aniya,Hammes,1993-12-13 08:27:36 -0800,Female,Asian or Pacific Islander
260053383-4,Philip,Kip,Pouros,1978-06-18 10:04:59 -0700,Female,Hispanic
059346461-3,Kyler,Sierra,Hyatt,1973-07-14 17:58:58 -0700,Female,White
752051640-7,Coralie,Onie,Predovic,1960-09-04 05:25:07 -0700,Female,Hispanic
727355271-2,Sylvan,Neal,Trantow,1950-12-06 03:43:38 -0800,Female,American Indian or Alaskan Native
512748995-3,Margret,Mariana,Murray,1972-06-06 08:42:19 -0700,Male,American Indian or Alaskan Native
377981674-1,Mackenzie,Jazmin,Waters,1973-02-02 07:38:09 -0800,Male,White
949545348-8,Maxie,Imelda,Jenkins,1989-09-03 02:14:16 -0700,Female,American Indian or Alaskan Native
142096591-3,Rex,Jada,Abernathy,1967-12-11 17:05:52 -0800,Female,Hispanic
180760965-0,Laverna,Prudence,Bergstrom,1961-02-16 05:05:35 -0800,Female,White
536163458-1,Reynold,Emiliano,Torp,1966-10-18 02:36:20 -0700,Female,Black
699008490-1,Trystan,Pasquale,Konopelski,1981-10-07 08:14:24 -0700,Female,Hispanic
290141877-5,Katrina,Mandy,Strosin,1978-01-22 07:10:57 -0800,Male,American Indian or Alaskan Native
750892256-5,Brock,Orlo,Prosacco,1985-06-24 22:16:10 -0700,Female,Black
088266659-2,Fred,Barry,Schmidt,1964-12-13 05:36:02 -0800,Female,White
816831695-9,Clarissa,Rachel,Spinka,1971-09-27 19:51:02 -0700,Female,Black
010649067-2,Caesar,Thad,Schaefer,1966-10-02 05:30:56 -0700,Male,Hispanic
283841119-5,Cecelia,Clifton,Frami,1954-05-12 13:59:25 -0700,Male,Asian or Pacific Islander
244338591-4,Gabriella,George,Koss,1954-10-22 23:13:24 -0800,Male,Black
515520664-2,Kade,Marielle,Stracke,1998-06-10 15:35:26 -0700,Female,Hispanic
259084275-9,Lionel,Bertrand,Willms,1951-04-20 11:08:29 -0800,Male,Asian or Pacific Islander
148842230-3,Kali,Jarod,Lueilwitz,1995-01-27 19:04:07 -0800,Female,Black
161249620-2,Cleve,Marcellus,Crooks,1977-05-10 11:35:33 -0700,Female,White
187018500-5,Russ,Lilla,Kihn,1949-01-09 04:42:03 -0800,Female,Hispanic
494684520-8,Tate,Serenity,Bergnaum,1983-07-14 23:18:39 -0700,Male,Hispanic
960200658-7,Rudy,Jackeline,Crona,1977-03-24 22:52:44 -0800,Male,White
764438158-9,Dedric,Eugene,Waters,1960-02-19 05:55:52 -0800,Female,American Indian or Alaskan Native
643428906-5,Elta,Armando,Effertz,1988-06-02 00:59:33 -0700,Female,American Indian or Alaskan Native
379879745-5,Tevin,Damien,Jacobson,1953-09-15 16:09:50 -0700,Male,White
658975492-6,Milan,Ernestine,Nolan,1959-06-07 02:15:32 -0700,Female,White
427688839-5,Tyshawn,Katrine,Osinski,1992-11-24 05:03:39 -0800,Female,American Indian or Alaskan Native
248484866-8,Rhiannon,Camron,Bradtke,1995-04-02 09:51:31 -0700,Male,American Indian or Alaskan Native
989623837-5,Piper,Dallas,Williamson,1962-04-10 07:32:59 -0800,Female,Black
693487065-4,Hoyt,Derrick,Gulgowski,1954-01-28 08:24:03 -0800,Female,Black
175527090-9,Neha,Anika,Hackett,1947-03-05 07:19:39 -0800,Female,Black
752316964-3,Hipolito,Abdul,Reinger,1975-09-11 07:30:45 -0700,Male,Asian or Pacific Islander
423166010-7,Gerard,Haley,Friesen,1982-02-05 12:29:07 -0800,Male,Asian or Pacific Islander
956491773-5,Helene,Johnpaul,Jast,1959-08-14 05:32:09 -0700,Male,Black
272770183-7,Roman,Jarrod,Pacocha,1980-10-26 13:21:55 -0800,Male,Asian or Pacific Islander
817177285-4,Chadd,Domingo,Gulgowski,1981-07-05 08:38:59 -0700,Female,Hispanic
356924852-6,Dale,Joanne,Greenholt,1993-11-24 20:01:02 -0800,Female,White
738812224-9,Josiah,Elliot,Wilderman,1959-09-30 22:33:52 -0800,Male,American Indian or Alaskan Native
451169383-8,Jeremy,Elmo,Carroll,1997-10-19 21:15:02 -0700,Female,Black
021422744-8,Donnell,Celestine,Gusikowski,1970-04-10 06:02:44 -0800,Female,American Indian or Alaskan Native
424814809-9,Kianna,Wilber,Williamson,1980-02-22 20:22:17 -0800,Female,Hispanic
635208495-8,Dawson,Barton,Tillman,1993-05-19 19:01:10 -0700,Male,Asian or Pacific Islander
919259002-0,Cyril,Joanne,Ritchie,1989-10-11 02:00:06 -0700,Female,White
660715049-7,Jayme,Verner,Brown,1988-03-28 21:46:20 -0800,Female,American Indian or Alaskan Native
680450214-0,Thomas,Natalie,Goodwin,1988-05-20 04:02:54 -0700,Male,Asian or Pacific Islander
851030067-4,Pamela,Jeanne,Ryan,1990-11-18 05:28:52 -0800,Female,White
848684273-5,Wilburn,Renee,Yundt,1976-02-16 08:49:33 -0800,Female,Black
081063133-4,Porter,Roderick,Reichel,1993-06-23 20:58:27 -0700,Male,Black
196599959-X,Jermey,Hubert,Bechtelar,1974-12-09 08:27:03 -0800,Male,White
805272555-0,Cesar,Carmen,Rogahn,1984-04-09 23:39:04 -0800,Female,Hispanic
645197477-3,Patrick,Judge,Vandervort,1952-07-01 23:26:02 -0700,Female,White
271302512-5,Brian,Edward,Pfeffer,1967-07-06 01:17:45 -0700,Male,American Indian or Alaskan Native
757053686-X,Lauriane,Brain,Daugherty,1952-12-30 11:40:44 -0800,Female,Asian or Pacific Islander
649328341-8,Dane,Eugene,Vandervort,1993-04-02 01:05:22 -0800,Female,Hispanic
125528629-6,Dortha,Destiney,Hayes,1975-11-02 01:59:02 -0800,Female,Asian or Pacific Islander
365871406-9,Scot,Llewellyn,Pollich,1971-08-12 23:58:15 -0700,Female,Black
537312173-8,Taurean,Erin,Jenkins,1956-06-13 15:28:50 -0700,Male,Asian or Pacific Islander
063294287-8,Rowland,Wallace,Gottlieb,1972-10-07 03:51:29 -0700,Male,Asian or Pacific Islander
576777607-5,Tyson,Mariana,DuBuque,1986-01-18 11:52:43 -0800,Male,Asian or Pacific Islander
707833810-3,Fern,Maya,Carroll,1957-03-17 21:11:20 -0800,Female,White
573989740-8,Noelia,Davion,Hoeger,1966-08-10 17:23:44 -0700,Female,American Indian or Alaskan Native
659798323-8,Ayla,Bernardo,Bins,1951-10-24 21:47:35 -0800,Male,Asian or Pacific Islander
626789247-6,Rhianna,Alvera,Watsica,1959-03-05 19:31:01 -0800,Male,White
008621898-0,Coty,Domenico,Bayer,1992-08-10 11:11:43 -0700,Female,Hispanic
651863958-X,Ally,Mavis,Turner,1949-05-03 22:50:45 -0800,Female,Asian or Pacific Islander
036951282-0,Jonathon,Conrad,Kemmer,1966-06-30 05:40:57 -0700,Male,Black
291714015-1,Jaren,Elnora,Purdy,1958-03-21 19:22:08 -0800,Female,Black
816416193-4,Assunta,Laurel,Sauer,1992-04-10 02:43:55 -0700,Female,Asian or Pacific Islander
433503806-2,Xander,Dillon,Wyman,1994-05-24 02:50:24 -0700,Male,American Indian or Alaskan Native
554925682-7,Adriel,Helena,Hermiston,1953-12-08 15:24:55 -0800,Male,American Indian or Alaskan Native
871667489-8,Carmelo,Boris,Barton,1947-12-15 11:03:23 -0800,Female,Asian or Pacific Islander
131337038-X,Unique,Ottis,Sawayn,1977-10-02 09:23:33 -0700,Male,Hispanic
797314938-4,Rodger,Cortney,West,1964-02-14 00:27:32 -0800,Female,Black
430698954-2,Lindsey,Macey,Sporer,1998-02-24 17:11:48 -0800,Male,American Indian or Alaskan Native
191918645-X,Allison,Karine,Boyle,1972-02-28 18:35:14 -0800,Male,White
835193584-0,Bernice,Johnson,Olson,1975-10-08 05:24:57 -0700,Male,American Indian or Alaskan Native
882475838-X,Benton,Yolanda,Lakin,1983-12-18 20:41:45 -0800,Male,Black
397207279-1,Teagan,Effie,Nikolaus,1998-03-31 19:20:11 -0800,Female,White
630409665-8,Mellie,Brian,Bergstrom,1986-03-16 14:33:26 -0800,Female,White
675403693-1,Tiana,Camden,Hegmann,1955-01-10 14:39:17 -0800,Female,Black
783720194-9,Domenico,Logan,Kozey,1993-09-05 06:51:28 -0700,Male,Black
640618343-6,Ariane,Delphia,Hoppe,1989-04-08 21:06:53 -0700,Female,Hispanic
662573300-8,Salma,Jorge,Schmidt,1986-10-14 01:35:05 -0700,Male,White
009844019-5,Ayden,Geovanny,Maggio,1952-10-31 23:04:01 -0800,Male,Hispanic
291983065-1,Carli,Weldon,Lehner,1976-08-09 17:50:48 -0700,Male,White
607239102-8,Cory,Daniela,Mitchell,1983-05-14 01:52:29 -0700,Male,White
532435021-4,Verna,Myrtie,Flatley,1960-01-26 05:11:03 -0800,Female,Black
205791972-2,Dasia,Prince,Terry,1987-05-26 01:14:32 -0700,Female,Asian or Pacific Islander
584645525-5,Reid,Jacinto,Nitzsche,1996-06-12 02:45:29 -0700,Male,American Indian or Alaskan Native
063790836-8,Marcellus,Richard,Marvin,1965-05-07 12:08:01 -0700,Male,Asian or Pacific Islander
288540996-7,Elizabeth,Ramon,Boyle,1994-04-19 18:34:48 -0700,Male,Asian or Pacific Islander
425958957-1,Sam,Krystina,Ortiz,1996-03-27 01:34:59 -0800,Male,American Indian or Alaskan Native
386185609-3,Dexter,Mariano,Hessel,1978-04-15 00:49:19 -0800,Female,White
413118819-8,Eliza,Bradly,Hermiston,1995-08-10 16:47:18 -0700,Male,White
125908289-X,Weldon,Aubree,Kunde,1975-11-18 16:16:51 -0800,Male,Hispanic
461559610-3,Cleveland,Ceasar,Brakus,1979-01-22 11:52:09 -0800,Female,American Indian or Alaskan Native
657195385-4,Kristin,Elza,Jast,1960-06-30 20:13:40 -0700,Female,Black
159404575-5,Julien,Ashtyn,Ryan,1951-05-25 09:39:10 -0700,Male,White
108693999-9,Una,Nelson,Wilderman,1983-06-27 07:03:57 -0700,Male,American Indian or Alaskan Native
370705055-6,Karl,Jordyn,Kerluke,1998-02-20 05:39:13 -0800,Male,American Indian or Alaskan Native
716935856-5,Payton,Lorenzo,Schroeder,1975-03-16 09:20:17 -0700,Female,American Indian or Alaskan Native
001259708-2,Elmo,Ursula,Skiles,1997-08-25 20:53:39 -0700,Female,Asian or Pacific Islander
502227589-9,Eldred,Florida,Ondricka,1952-10-22 21:13:50 -0800,Female,American Indian or Alaskan Native
225610456-7,Golda,Vicky,Nicolas,1947-06-20 02:05:28 -0800,Male,Asian or Pacific Islander
393860004-7,Magnolia,Federico,Kris,1956-04-01 05:05:27 -0800,Female,Hispanic
610887459-7,Jefferey,Kylie,Powlowski,1971-07-30 05:26:57 -0700,Male,Hispanic
964063411-5,Clementina,Elizabeth,Dare,1986-12-31 20:00:37 -0800,Female,Black
433683294-3,Darwin,Nico,Will,1969-11-14 01:00:53 -0800,Female,American Indian or Alaskan Native
833392367-4,Rickie,Regan,Torphy,1983-06-05 19:16:26 -0700,Female,Hispanic
461142411-1,Ernestine,Ezra,Hessel,1954-05-03 19:14:18 -0700,Male,White
173346709-2,Jessie,Deion,Carter,1973-03-06 07:22:33 -0800,Female,White
971656970-X,Dereck,Sadye,Rutherford,1970-07-19 17:31:52 -0700,Female,Black
184818770-X,Madaline,Rashad,Turcotte,1959-12-26 21:58:51 -0800,Female,Hispanic
287502731-X,Madelyn,Helena,Wuckert,1973-07-02 09:10:23 -0700,Female,Black
305305564-3,Christophe,Graham,Terry,1990-02-25 08:24:08 -0800,Female,American Indian or Alaskan Native
912436282-4,Sienna,Garrick,Wiza,1955-04-26 19:22:58 -0700,Male,American Indian or Alaskan Native
561301849-9,Kyra,Ramona,Hackett,1981-01-15 14:17:23 -0800,Male,Hispanic
669817985-X,Jonathon,Felipe,Botsford,1968-01-26 05:16:20 -0800,Male,White
299746464-1,Garnett,Gilberto,Sipes,1955-10-03 20:41:26 -0800,Female,White
230880806-3,Vallie,Randy,Schmeler,1966-01-11 08:22:09 -0800,Female,Black
157733748-4,Ethan,Jermain,Pfeffer,1987-03-17 17:00:55 -0800,Female,Black
120306573-6,Lola,Herman,Marquardt,1995-12-09 20:30:42 -0800,Male,Black
118814016-7,Kyler,Aliya,Paucek,1981-08-03 23:50:02 -0700,Male,Asian or Pacific Islander
186610841-7,Charity,Margie,Wyman,1987-09-23 14:25:01 -0700,Male,American Indian or Alaskan Native
391898827-9,Adam,Candice,Cummerata,1971-04-26 21:32:26 -0700,Male,American Indian or Alaskan Native
869149488-3,Kristian,Jada,Ward,1966-12-07 14:25:50 -0800,Male,American Indian or Alaskan Native
523662220-4,Andres,Tavares,Emmerich,1996-11-29 15:22:16 -0800,Female,Hispanic
788767989-3,Lavern,Luz,Harvey,1963-04-08 14:00:44 -0800,Male,Hispanic
376915667-6,Vella,Stanley,Marquardt,1973-06-17 11:49:16 -0700,Male,White
157404894-5,Lola,Leslie,Huels,1992-04-17 15:38:08 -0700,Male,Asian or Pacific Islander
146966267-1,Cleo,Chance,Treutel,1997-06-23 15:52:07 -0700,Female,Hispanic
424469999-6,Rosalinda,Jaeden,Harris,1968-11-04 09:10:50 -0800,Male,Asian or Pacific Islander
232733093-9,Rogelio,Blair,Mueller,1967-03-06 03:28:23 -0800,Female,White
827266814-9,Serena,Marcelle,Smitham,1964-10-01 02:21:37 -0700,Male,Asian or Pacific Islander
474221949-X,Bart,Jefferey,O'Hara,1961-08-02 06:46:54 -0700,Male,Black
154460445-9,Harvey,Carolanne,Kihn,1974-03-15 09:35:55 -0700,Male,Asian or Pacific Islander
717808450-2,Brandy,Elian,Bins,1977-12-03 00:01:55 -0800,Female,American Indian or Alaskan Native
712658151-3,Elouise,Mona,Wyman,1956-07-22 18:25:38 -0700,Female,Black
552663286-5,Kristy,Kian,Hansen,1996-09-06 09:10:44 -0700,Female,Black
588618676-X,Elliot,Chanel,Watsica,1951-01-05 22:45:41 -0800,Female,Asian or Pacific Islander
594653114-X,Rudy,Afton,Hyatt,1974-04-07 10:14:24 -0700,Female,American Indian or Alaskan Native
507045816-7,Hailee,Burley,Bernhard,1991-11-18 15:40:48 -0800,Female,Asian or Pacific Islander
646542214-X,Marco,Kennith,Kling,1991-03-12 14:44:19 -0800,Female,American Indian or Alaskan Native
917667234-4,Bessie,Jaden,Casper,1960-01-07 14:18:05 -0800,Male,Asian or Pacific Islander
138253230-X,Judah,Amie,Bednar,1997-05-18 18:30:26 -0700,Male,Black
686487788-4,Rashad,Delia,Reichel,1997-09-14 11:18:36 -0700,Female,Hispanic
414942533-7,Otho,Henry,Bins,1987-07-21 18:27:02 -0700,Male,Hispanic
289747657-5,Abdul,Gerson,Kozey,1998-08-12 20:35:03 -0700,Male,American Indian or Alaskan Native
895388453-5,Anthony,Jessika,Kub,1985-02-20 04:37:20 -0800,Male,American Indian or Alaskan Native
862805466-9,Gregorio,Tomasa,Collier,1998-11-02 07:18:26 -0800,Female,Asian or Pacific Islander
787763023-9,Clair,Jaqueline,Swaniawski,1988-08-20 02:55:06 -0700,Female,Black
301980955-X,Alexzander,Sydnie,Brakus,1983-07-22 01:28:10 -0700,Male,White
207615378-0,Ashlee,Malinda,Rosenbaum,1996-08-19 18:08:33 -0700,Male,Asian or Pacific Islander
362470139-8,Ashlynn,Jasper,Leuschke,1976-07-30 14:42:21 -0700,Female,American Indian or Alaskan Native
486914242-2,Elmira,Tristian,Rempel,1954-09-03 18:54:34 -0700,Female,Black
663607992-4,Bridget,Elvis,Feil,1996-03-27 17:42:03 -0800,Male,Black
639911749-6,Tre,Margaret,Abshire,1960-03-17 19:01:30 -0800,Male,Hispanic
142414518-X,Abe,Justyn,Kling,1965-09-22 03:53:18 -0700,Male,Asian or Pacific Islander
838433915-5,Cecile,Fern,Metz,1971-06-22 00:07:29 -0700,Female,White
901234910-9,Delpha,Jadon,Reilly,1968-08-16 12:38:26 -0700,Female,Hispanic
737656836-0,Anabelle,Monty,Kilback,1952-09-24 09:47:59 -0700,Male,American Indian or Alaskan Native
045542543-4,Levi,Lexus,Maggio,1986-09-21 13:00:14 -0700,Male,White
910342763-3,Kyler,Owen,Pagac,1992-08-05 05:52:42 -0700,Male,White
450811187-4,Deondre,Evalyn,Heller,1998-01-10 16:10:01 -0800,Male,American Indian or Alaskan Native
906221334-0,Michel,Dee,Block,1962-11-06 06:27:43 -0800,Female,Asian or Pacific Islander
679034924-3,Leanne,Anne,Roberts,1973-08-29 17:49:06 -0700,Female,Black
501729479-1,Mia,Stephany,Morissette,1979-01-16 02:26:54 -0800,Female,American Indian or Alaskan Native
169872377-6,Quincy,Emelie,Ratke,1959-06-08 19:00:49 -0700,Female,Hispanic
644856576-0,Efren,Alexane,Hessel,1991-11-09 18:18:41 -0800,Male,Black
428778922-9,Bennie,Buford,Blanda,1977-11-03 20:00:04 -0800,Female,Black
204575126-0,Maxie,Norberto,Kuhn,1953-10-06 15:39:18 -0800,Female,Black
359338678-X,Hazel,Ryan,Mante,1990-12-20 07:35:21 -0800,Male,American Indian or Alaskan Native
186606166-6,Devonte,Abelardo,Balistreri,1994-05-13 12:48:50 -0700,Male,White
957455024-9,Silas,Freddy,Hermann,1977-11-04 18:04:03 -0800,Male,White
966362141-9,Enola,Giles,Gusikowski,1977-03-13 23:52:43 -0800,Male,Hispanic
873933058-3,Demario,Micheal,Schoen,1960-03-26 07:01:15 -0800,Female,American Indian or Alaskan Native
005470083-3,Ashton,Fredy,Schumm,1949-02-09 09:23:24 -0800,Male,Black
910481526-2,Adrian,Nelle,Prohaska,1983-11-15 03:30:15 -0800,Male,White
348323465-9,Kallie,Cassidy,Graham,1972-01-07 00:23:22 -0800,Male,White
256798130-6,Evie,Mariela,DuBuque,1971-02-09 02:13:00 -0800,Male,Hispanic
639083033-5,Abagail,Genoveva,Cruickshank,1997-04-17 19:23:46 -0700,Female,Hispanic
209849375-4,Yolanda,Shaylee,Boyer,1985-01-28 02:25:13 -0800,Female,White
821798791-2,Grayce,Macey,Murazik,1997-02-06 20:06:45 -0800,Female,White
026288803-3,Nayeli,Otis,Rempel,1978-05-28 20:29:12 -0700,Male,American Indian or Alaskan Native
052320897-9,Emil,Tomasa,Herman,1969-03-13 07:47:15 -0800,Female,Black
973784956-6,Aaliyah,Ottilie,Mills,1994-10-14 05:09:42 -0700,Male,American Indian or Alaskan Native
070563471-X,Vicky,Margarett,Dietrich,1971-01-17 00:19:14 -0800,Female,Hispanic
259248061-7,Elyse,Adolfo,Crist,1960-05-27 17:53:16 -0700,Female,Asian or Pacific Islander
482948488-8,Kelley,Andreanne,O'Hara,1998-03-09 19:40:23 -0800,Male,Hispanic
241859137-9,Lavern,Jaeden,Huels,1963-03-07 06:19:12 -0800,Female,American Indian or Alaskan Native
761148780-9,Dejuan,Lamar,Koch,1952-12-14 13:55:08 -0800,Male,White
911350490-8,Malcolm,Anahi,Schimmel,1977-11-23 06:50:25 -0800,Female,Asian or Pacific Islander
082218120-7,Sunny,Kay,Bogan,1994-11-13 22:54:52 -0800,Female,White
373670142-X,Amira,Antonia,Bogan,1952-03-19 12:58:34 -0800,Female,Asian or Pacific Islander
490091286-7,Idell,Sonny,Powlowski,1969-09-20 00:01:51 -0700,Male,Hispanic
114970207-9,Margarete,Wade,Walsh,1997-04-07 02:29:43 -0700,Female,American Indian or Alaskan Native
402657895-X,Jaylan,Dannie,Walsh,1950-03-14 04:21:25 -0800,Male,White
239043086-4,Christopher,Milo,Kuphal,1991-02-06 15:33:09 -0800,Male,Hispanic
479060054-8,Jaydon,Kellen,Rolfson,1982-10-30 17:22:16 -0700,Male,Asian or Pacific Islander
523151883-2,Kyler,Jerod,Steuber,1954-08-06 13:30:46 -0700,Male,White
281672046-2,Janet,Hermina,Effertz,1969-07-26 04:03:48 -0700,Male,Black
024465425-5,Buddy,Tianna,Johns,1968-01-20 23:58:44 -0800,Female,White
096670017-1,Ladarius,Rupert,Carroll,1984-11-03 16:28:09 -0800,Female,White
708202369-3,Immanuel,Eliza,Emard,1997-11-10 15:56:28 -0800,Male,White
310308081-6,Bailee,Meda,Pollich,1949-05-30 14:52:06 -0800,Female,Hispanic
387225350-6,Sabrina,Caden,Daniel,1964-02-11 21:17:21 -0800,Male,American Indian or Alaskan Native
281768479-6,Terence,Dina,Mertz,1967-01-21 13:23:00 -0800,Male,Hispanic
439668404-5,Nayeli,Isabel,Jacobi,1964-03-03 11:09:31 -0800,Male,Black
141545371-3,Matteo,Favian,Wyman,1991-03-23 07:13:24 -0800,Female,White
367732770-9,Zane,Durward,Quigley,1974-10-06 03:43:21 -0700,Female,Asian or Pacific Islander
823122272-3,Jermey,Woodrow,Gleason,1982-06-15 20:38:09 -0700,Male,American Indian or Alaskan Native
011488847-7,Jett,Ladarius,Langworth,1979-03-12 01:08:06 -0800,Male,White
494265376-2,Elouise,Junior,Harris,1981-05-29 21:14:29 -0700,Male,Hispanic
428119322-7,Rhett,Cloyd,Brakus,1979-04-29 08:36:26 -0700,Male,Black
814588599-X,Rowan,Marcos,Cormier,1948-08-22 05:42:36 -0700,Female,Asian or Pacific Islander
281742015-2,Liza,Laurianne,Heidenreich,1991-06-05 14:26:36 -0700,Male,White
243359485-5,Abraham,Violette,Kemmer,1958-09-26 19:20:53 -0700,Female,Hispanic
687547178-7,Lisa,Neal,Balistreri,1968-11-13 20:10:57 -0800,Male,American Indian or Alaskan Native
232463696-4,Marianne,Jesus,Schaden,1981-07-03 04:51:52 -0700,Male,Hispanic
054437882-2,Jedediah,Filomena,Quitzon,1977-10-17 02:22:20 -0700,Female,Asian or Pacific Islander
104086027-3,Krista,Misty,Okuneva,1950-11-19 23:43:03 -0800,Female,American Indian or Alaskan Native
764487723-1,Dameon,Annie,Barton,1978-07-21 18:54:42 -0700,Female,White
188422751-1,Rosemary,Dock,Windler,1981-12-03 18:50:02 -0800,Female,Black
860637320-6,Catharine,Jana,Rosenbaum,1954-01-22 18:37:41 -0800,Male,Black
915216516-7,Terrill,Christa,Monahan,1993-09-19 08:54:00 -0700,Female,Asian or Pacific Islander
669851629-5,Caleb,Katrine,Sauer,1986-03-07 02:56:54 -0800,Male,White
324665479-4,Abner,Ramon,MacGyver,1963-02-13 02:01:22 -0800,Male,Black
382854450-9,Elissa,Juanita,Tillman,1952-04-07 18:12:46 -0800,Female,Asian or Pacific Islander
323267037-7,Creola,Jarvis,Haley,1977-01-23 03:28:17 -0800,Male,White
410880435-X,Jarrett,Noemie,Lebsack,1995-01-31 13:31:49 -0800,Male,American Indian or Alaskan Native
777497443-1,Kenna,Frederick,McGlynn,1985-06-18 06:43:32 -0700,Female,American Indian or Alaskan Native
092730904-1,Garnett,Monte,Kunze,1964-07-26 18:07:00 -0700,Male,Black
799800669-2,Pierre,Rene,Deckow,1961-10-28 06:45:34 -0800,Female,Asian or Pacific Islander
060140465-3,Elody,Nelson,Daugherty,1965-12-06 22:04:42 -0800,Male,American Indian or Alaskan Native
954078123-X,Gerry,Rubie,D'Amore,1996-09-16 06:56:39 -0700,Female,Hispanic
526402008-6,Kenya,Gerhard,Hamill,1993-09-27 13:28:12 -0700,Female,Black
152971025-1,Sibyl,Jerome,McKenzie,1955-01-02 04:57:57 -0800,Male,White
127297678-5,Nicholas,Katharina,Heathcote,1962-11-13 02:59:20 -0800,Male,Asian or Pacific Islander
107337474-2,Maria,Merle,D'Amore,1951-04-27 13:15:57 -0800,Male,White
041775900-2,Dimitri,Edison,Johnston,1959-11-26 14:51:23 -0800,Male,American Indian or Alaskan Native
708062171-2,Hubert,Matteo,Cartwright,1948-11-20 00:16:56 -0700,Female,Asian or Pacific Islander
223517755-7,Kamron,Kavon,Koepp,1988-09-13 19:43:24 -0700,Female,Black
494190057-X,Bernita,Lavonne,Cronin,1996-06-14 22:00:21 -0700,Male,Asian or Pacific Islander
029313241-0,Barry,Rasheed,Emard,1958-11-02 08:14:22 -0800,Female,Asian or Pacific Islander
204772285-3,Colleen,Rory,Mohr,1972-04-09 06:09:43 -0800,Female,Black
614769073-6,Hertha,Aurelie,Champlin,1982-05-15 05:04:28 -0700,Female,American Indian or Alaskan Native
251837600-3,Brock,Robbie,Kuhn,1966-03-22 15:16:33 -0800,Male,Hispanic
013574405-9,Willis,Cecile,Franecki,1995-05-13 06:02:31 -0700,Female,American Indian or Alaskan Native
679071520-7,Granville,Burdette,Monahan,1967-09-22 23:48:53 -0700,Male,Hispanic
595706259-6,Floy,Wiley,Christiansen,1969-01-12 16:26:19 -0800,Male,White
169610469-6,Marjory,Randy,Gislason,1970-08-18 00:36:10 -0700,Male,Black
307700766-5,Abagail,Freida,Quigley,1994-02-22 09:06:29 -0800,Female,White
337217968-4,Manley,Conrad,Toy,1980-11-21 02:17:59 -0800,Male,Hispanic
932215770-4,Carrie,Deonte,Metz,1984-02-04 04:30:32 -0800,Male,American Indian or Alaskan Native
083756206-6,Einar,Coralie,Dare,1969-04-23 23:15:41 -0800,Male,White
480066099-8,Amber,Chyna,Wehner,1961-02-20 01:27:03 -0800,Female,Hispanic
716220600-X,Delaney,Mariam,Little,1948-01-22 10:17:09 -0800,Male,Hispanic
515657353-3,Norval,Dayne,Jacobson,1988-04-29 01:33:42 -0700,Male,Asian or Pacific Islander
963935829-0,Jaeden,Tabitha,Jakubowski,1950-11-12 08:49:06 -0800,Female,Hispanic
253783409-7,Adolfo,Maureen,Torphy,1980-01-13 06:09:28 -0800,Male,White
945107489-9,Eloise,Delta,Russel,1992-04-12 23:47:27 -0700,Male,American Indian or Alaskan Native
845119652-7,Magnolia,Evert,Kiehn,1952-01-10 15:15:02 -0800,Female,White
589339404-6,Laisha,Drew,Heathcote,1985-08-08 02:30:55 -0700,Female,Asian or Pacific Islander
900883836-2,Milan,Kari,Paucek,1952-05-29 12:35:53 -0700,Female,Black
544810935-7,Rosalind,Gaylord,Lind,1957-09-04 02:03:48 -0700,Male,White
531468341-5,Darien,Garnet,Lehner,1995-06-06 07:31:15 -0700,Female,Black
792614035-X,Ervin,Anastasia,Dickens,1969-06-04 11:56:28 -0700,Female,Hispanic
422137011-4,Kailee,Aiden,Wiza,1979-06-26 12:16:08 -0700,Male,American Indian or Alaskan Native
769971526-8,Vicente,Ricardo,Schmitt,1993-08-19 07:31:24 -0700,Female,White
333756857-2,Ahmad,Keira,Harris,1972-03-23 00:59:17 -0800,Female,Asian or Pacific Islander
122791677-9,Norene,Demond,Conroy,1970-07-10 14:30:27 -0700,Female,White
141162634-6,Tanya,Abbie,Huel,1957-04-12 05:26:37 -0800,Male,Black
969299033-8,Rosanna,Aurelie,Heidenreich,1948-05-29 21:50:08 -0700,Female,White
570979240-3,Madisyn,Joana,Gerhold,1974-02-16 05:12:40 -0700,Female,Asian or Pacific Islander
166048633-5,Rusty,Tabitha,Lesch,1953-01-29 15:35:07 -0800,Female,Black
914364948-3,Milford,Uriel,Osinski,1996-12-23 06:31:14 -0800,Male,White
102940724-X,Wanda,Cory,Zulauf,1963-05-23 18:06:27 -0700,Female,Hispanic
788704051-5,Ashlee,Stefanie,Hahn,1976-01-14 08:06:14 -0800,Female,American Indian or Alaskan Native
868433923-1,Josiah,Alvah,Windler,1952-04-16 12:45:14 -0800,Male,Asian or Pacific Islander
115060677-0,Allie,Hugh,Toy,1965-04-18 00:45:47 -0800,Female,American Indian or Alaskan Native
034098834-7,Ernestine,Alfonso,Parker,1971-03-08 13:30:35 -0800,Male,White
283361862-X,Brooks,Christiana,McCullough,1986-08-30 08:45:12 -0700,Female,Black
767419760-3,Lucio,Audie,Schmidt,1988-03-06 01:46:25 -0800,Female,Black
933741031-1,Yesenia,Leo,Reinger,1962-03-17 02:37:41 -0800,Male,Black
663717571-4,Kayley,Arvel,Monahan,1979-11-04 11:37:23 -0800,Female,Asian or Pacific Islander
828084352-3,Cleta,Erna,Adams,1981-07-11 03:45:45 -0700,Female,American Indian or Alaskan Native
373944180-1,Lon,Napoleon,Botsford,1990-03-18 11:24:17 -0800,Female,Black
884054296-5,Camren,Providenci,Fahey,1971-11-03 03:56:12 -0800,Female,Asian or Pacific Islander
212654114-2,Joel,Vanessa,Zulauf,1984-11-11 14:18:18 -0800,Male,Black
753868457-3,Carey,Joana,Streich,1995-04-30 04:44:41 -0700,Female,American Indian or Alaskan Native
570776654-5,Sheldon,Nyah,Ruecker,1998-04-11 14:13:19 -0700,Female,Asian or Pacific Islander
046718905-6,Al,Delpha,Bartell,1988-05-05 12:13:49 -0700,Female,American Indian or Alaskan Native
107836563-6,London,Edd,Terry,1947-06-05 07:08:26 -0800,Male,Hispanic
076247672-9,Nico,Madeline,Harvey,1991-12-25 23:09:17 -0800,Male,Asian or Pacific Islander
895718494-5,Rene,Rocio,Willms,1957-10-10 03:16:54 -0800,Male,American Indian or Alaskan Native
170611177-0,Elisha,Corene,Johnson,1968-01-05 00:48:49 -0800,Male,Black
139096963-0,Einar,Marge,Botsford,1974-03-30 08:08:50 -0700,Female,American Indian or Alaskan Native
728744228-0,Jordi,Rosie,Smitham,1953-04-19 11:26:07 -0800,Female,Hispanic
923420825-0,Chasity,Andre,MacGyver,1950-03-20 19:22:57 -0800,Female,Black
613894641-3,Mathew,Dorris,Lynch,1985-01-05 11:44:51 -0800,Female,Black
728521425-6,Keeley,Heaven,Auer,1955-11-18 04:19:44 -0800,Female,Asian or Pacific Islander
752925940-7,Vince,Arno,Balistreri,1974-01-16 11:45:57 -0700,Male,White
807932815-3,Pearline,Winona,McGlynn,1986-08-18 02:37:30 -0700,Male,Black
750990630-X,Vincenza,Devonte,Zieme,1949-03-11 05:17:57 -0800,Male,Black
768217346-7,Billie,Carlo,Runolfsdottir,1986-08-18 04:26:45 -0700,Female,Hispanic
877132032-6,Jonathan,Camron,Corkery,1991-08-21 08:53:31 -0700,Female,Asian or Pacific Islander
180612580-3,Ashly,Stanton,Bashirian,1985-06-08 14:02:52 -0700,Female,Asian or Pacific Islander
248531414-4,Drew,Gino,Williamson,1955-01-12 21:22:09 -0800,Female,American Indian or Alaskan Native
834443599-4,Lloyd,Jerome,Heathcote,1955-06-27 00:03:21 -0700,Female,White
759402030-8,Else,Bethel,Denesik,1985-05-02 06:39:42 -0700,Female,Hispanic
299687611-3,Dale,Cullen,Jakubowski,1995-06-21 07:55:48 -0700,Female,White
456124383-6,Stan,Wade,Hane,1993-01-18 07:41:36 -0800,Male,Asian or Pacific Islander
729192597-5,Catherine,Rogers,Harris,1990-10-27 09:47:07 -0700,Male,American Indian or Alaskan Native
785667997-2,Ken,Axel,Bauch,1980-04-10 13:17:39 -0800,Male,Hispanic
621399730-X,Kailyn,Karson,Reinger,1994-06-25 13:10:42 -0700,Female,Asian or Pacific Islander
072576775-8,Brody,Nathen,Kutch,1978-05-02 10:08:38 -0700,Female,Hispanic
567474737-7,Estefania,Bart,Blick,1955-09-22 04:45:53 -0700,Male,Black
035053227-3,Kolby,Stefanie,Grady,1959-09-25 21:09:15 -0700,Female,Hispanic
942208723-6,Ricky,Celine,Kohler,1968-09-25 14:14:59 -0700,Male,Black
220600129-2,Palma,Jacquelyn,Frami,1961-03-17 22:06:42 -0800,Female,Asian or Pacific Islander
836616366-0,Marilyne,Brown,Collins,1954-01-29 21:08:36 -0800,Male,American Indian or Alaskan Native
388150968-2,Antonetta,Alta,Kilback,1949-03-30 21:21:27 -0800,Male,Black
952622680-1,Lukas,Rowan,Murphy,1951-06-12 11:51:47 -0700,Male,American Indian or Alaskan Native
112102367-3,Alec,Beth,Zemlak,1976-03-13 00:35:51 -0800,Female,Black
471335279-9,Mossie,Orion,Satterfield,1968-07-01 04:27:25 -0700,Male,Black
647011675-2,Arturo,Katelyn,Grant,1981-07-10 06:36:27 -0700,Female,American Indian or Alaskan Native
684457125-9,Carol,Enrique,Hammes,1965-07-28 22:58:44 -0700,Male,Black
011475582-5,Adonis,Howard,Sauer,1947-06-13 09:27:31 -0800,Female,Asian or Pacific Islander
908828540-3,Kelsie,Morgan,Johns,1967-07-06 05:40:30 -0700,Female,Hispanic
516254806-5,Billie,Billie,Cremin,1979-03-19 12:29:03 -0800,Male,Hispanic
388987205-0,Floy,Giovani,Padberg,1986-06-14 21:50:01 -0700,Female,Asian or Pacific Islander
943156343-6,Libby,Orie,Senger,1963-09-02 02:15:05 -0700,Male,White
744582591-6,Elton,Ashtyn,Zulauf,1992-08-08 15:49:01 -0700,Male,Asian or Pacific Islander
879646918-8,Raoul,Cristian,Schaden,1977-06-17 22:36:13 -0700,Male,Asian or Pacific Islander
607809898-5,Tommie,Berenice,Hahn,1956-12-03 13:28:31 -0800,Male,American Indian or Alaskan Native
910324146-7,Curtis,Seth,Rosenbaum,1953-07-15 12:18:49 -0700,Female,White
627355754-3,Andreane,Milo,Davis,1954-12-17 13:40:33 -0800,Female,American Indian or Alaskan Native
887494455-1,Trent,Hollis,Moore,1968-05-24 13:44:56 -0700,Female,Hispanic
812603361-4,Emile,Guiseppe,Baumbach,1972-04-25 23:04:26 -0800,Male,Black
793370542-1,Wendell,Emmy,Christiansen,1971-02-15 00:05:35 -0800,Male,Hispanic
924284521-3,Amya,Claudie,Turner,1985-04-09 10:36:56 -0800,Female,Black
308101313-5,Reuben,Carol,Bednar,1987-02-21 14:16:40 -0800,Male,American Indian or Alaskan Native
693908787-7,Rodger,Amaya,Thiel,1990-06-11 14:46:56 -0700,Female,Asian or Pacific Islander
591672123-4,Eveline,Misael,Kautzer,1995-09-14 16:51:04 -0700,Female,American Indian or Alaskan Native
241621264-8,Aurelia,Fletcher,West,1952-08-06 05:51:03 -0700,Male,Asian or Pacific Islander
074264019-1,Kayley,Tierra,Douglas,1995-03-08 08:38:34 -0800,Male,White
921283457-4,Cleora,Edythe,Pagac,1967-10-24 23:03:59 -0700,Male,Asian or Pacific Islander
052290392-4,Hazle,Allie,Yost,1991-10-26 14:37:35 -0700,Male,Black
378286566-9,Marcel,Bettie,Casper,1995-06-10 05:09:56 -0700,Female,Black
417921578-0,Jerad,Mollie,Harber,1982-09-19 18:11:20 -0700,Female,Black
849323879-1,Amir,Judah,Carroll,1953-05-02 01:11:58 -0700,Female,American Indian or Alaskan Native
590261846-0,Rachel,Bert,Pouros,1982-08-15 09:45:56 -0700,Male,American Indian or Alaskan Native
297807935-5,Edwina,Zoie,Kuphal,1957-04-23 19:25:57 -0800,Male,Hispanic
194269893-3,Gerald,Paige,Welch,1963-12-26 18:24:09 -0800,Male,Black
622581702-6,Rahul,Estel,Blanda,1960-02-27 14:17:06 -0800,Male,Asian or Pacific Islander
729510676-6,Katelyn,Scot,Bartell,1981-09-24 20:10:54 -0700,Female,American Indian or Alaskan Native
959573826-3,Jettie,Kallie,Collier,1957-10-17 01:44:02 -0800,Male,Black
623198717-5,Dorcas,Darwin,Crist,1979-01-05 16:56:52 -0800,Female,Black
799789906-5,Conor,Giles,Boyer,1957-12-08 03:36:14 -0800,Female,Hispanic
899222674-8,Mae,Devin,Nienow,1954-06-29 19:26:56 -0700,Male,Asian or Pacific Islander
415002860-5,Ellen,Francisca,Zieme,1962-09-16 04:55:12 -0700,Male,Asian or Pacific Islander
290117234-2,Jimmy,Liliana,Hand,1982-04-04 16:37:02 -0800,Male,Black
697543257-0,Michel,Weston,Rempel,1954-09-22 06:01:44 -0700,Male,Hispanic
359581052-X,Joanne,Modesta,Wilkinson,1975-03-05 13:35:18 -0700,Female,White
357387731-1,Brielle,Emie,Kuhic,1968-01-08 19:06:31 -0800,Female,American Indian or Alaskan Native
855174275-2,Lina,Haley,Walter,1960-05-11 11:49:46 -0700,Female,American Indian or Alaskan Native
395492544-3,Brady,Holden,Murray,1956-12-22 09:18:30 -0800,Male,White
248027354-7,Lou,Elna,Powlowski,1948-04-17 01:48:47 -0700,Male,American Indian or Alaskan Native
597275432-0,Adalberto,Davion,Gutmann,1959-04-04 21:54:55 -0800,Male,Hispanic
193785014-5,Maureen,Ernie,Rolfson,1978-02-15 14:18:36 -0800,Male,Black
836254066-4,Reese,Diana,Schmidt,1951-10-13 07:52:12 -0800,Female,American Indian or Alaskan Native
595128114-8,Pinkie,Breanne,Runolfsdottir,1967-11-16 08:39:16 -0800,Female,Black
714884376-6,Luella,Maude,Feeney,1994-11-05 15:46:47 -0800,Male,White
424395359-7,Laverna,Evie,Gorczany,1985-02-20 14:43:49 -0800,Female,Black
946576812-X,Leatha,Elroy,Reilly,1949-12-06 03:59:27 -0800,Male,White
954540810-3,Myah,Perry,Leannon,1968-02-04 23:06:09 -0800,Male,White
199206924-7,Marianne,Jovany,Schuster,1965-02-22 07:18:41 -0800,Female,Black
189400472-8,Olaf,Kathryn,Howe,1993-08-02 11:48:31 -0700,Female,Hispanic
889835811-3,Heidi,Laura,Zieme,1992-10-22 03:17:54 -0700,Male,Hispanic
248832284-9,Danika,Diego,VonRueden,1973-11-13 15:36:58 -0800,Male,Asian or Pacific Islander
292214090-3,Rosemary,Brent,Lakin,1975-08-30 00:38:29 -0700,Male,Asian or Pacific Islander
137905735-3,Julius,Elyssa,Lesch,1990-09-13 14:14:00 -0700,Male,White
548288043-5,Sage,John,Luettgen,1952-09-25 07:37:31 -0700,Male,Hispanic
797256689-5,Antone,Erich,Beahan,1977-08-09 21:11:18 -0700,Male,Hispanic
447074634-7,Lenny,Lauren,Murphy,1974-04-04 08:02:15 -0700,Female,Hispanic
744120331-7,Onie,Yasmeen,Cummerata,1990-03-14 16:59:40 -0800,Male,Hispanic
971964913-5,Keely,Amber,Botsford,1976-10-03 10:30:36 -0700,Female,Black
330545908-5,Wilbert,Quinn,Eichmann,1968-06-26 02:16:46 -0700,Male,American Indian or Alaskan Native
411479570-7,Henry,Ferne,Mraz,1968-04-11 02:33:28 -0800,Male,American Indian or Alaskan Native
053692365-5,Akeem,Bertha,Schaefer,1997-12-23 23:23:47 -0800,Male,Hispanic
202968257-8,Carmen,Beau,Mitchell,1949-10-29 00:53:07 -0800,Female,American Indian or Alaskan Native
963406896-0,Eveline,Maximillia,Brakus,1957-03-18 10:32:28 -0800,Male,Hispanic
763567864-7,Myrtice,Lavon,Sauer,1956-04-14 22:36:44 -0800,Male,Hispanic
677440158-9,Maxie,Murray,Will,1960-05-28 23:59:23 -0700,Female,Black
701671481-0,Hilma,Jacey,Vandervort,1951-04-01 00:07:08 -0800,Female,American Indian or Alaskan Native
050242065-0,Jasen,Dorthy,VonRueden,1998-01-08 13:39:57 -0800,Male,Black
479556013-7,Maximus,Rogers,Quigley,1982-10-23 01:55:59 -0700,Female,Hispanic
887166809-X,Sonia,Simone,Gleason,1963-01-05 03:49:35 -0800,Male,Asian or Pacific Islander
846980263-1,Jermain,Peter,Spinka,1994-07-06 11:11:56 -0700,Male,American Indian or Alaskan Native
217386015-1,Erika,Freddy,Tremblay,1986-06-29 18:09:01 -0700,Male,Black
614562484-1,Sallie,Lilla,Okuneva,1984-05-21 02:10:47 -0700,Male,Hispanic
779241741-7,Santos,Xander,Spinka,1959-07-05 03:22:41 -0700,Female,Asian or Pacific Islander
591200861-4,Alivia,Erika,Bartoletti,1980-05-06 03:44:10 -0700,Male,White
062317859-1,Cooper,Zion,Kling,1982-03-11 21:33:30 -0800,Male,White
868029720-8,Chad,Chance,Friesen,1960-09-20 08:19:27 -0700,Male,Black
881307119-1,Diamond,Kareem,VonRueden,1975-01-18 14:21:56 -0800,Female,American Indian or Alaskan Native
683671292-2,Estefania,Lenny,Cronin,1986-06-04 10:59:27 -0700,Female,White
608186249-6,Daphnee,Scot,Ratke,1962-04-18 11:09:19 -0800,Male,Black
204093508-8,Kyler,Jonathan,Quitzon,1977-10-20 15:20:55 -0700,Male,White
270939132-5,Brionna,Santina,McClure,1993-07-13 13:01:18 -0700,Female,American Indian or Alaskan Native
726872327-X,Dixie,Elisa,Turcotte,1954-07-22 11:04:44 -0700,Female,American Indian or Alaskan Native
507814818-3,Nikita,Thomas,Rempel,1952-12-22 21:32:10 -0800,Male,Asian or Pacific Islander
458310226-7,Treva,Jeromy,Pouros,1955-08-06 07:22:37 -0700,Male,Asian or Pacific Islander
885497105-7,Odessa,Katelin,Adams,1982-04-19 00:34:09 -0800,Female,Asian or Pacific Islander
642844522-0,Alford,Hyman,Dicki,1998-01-20 12:42:13 -0800,Male,American Indian or Alaskan Native
059470813-3,Waldo,Percy,Schulist,1951-11-05 19:24:54 -0800,Female,Hispanic
068279045-1,Jamel,Delphia,Cassin,1993-08-15 07:55:56 -0700,Male,White
827439823-8,Jarod,Herminio,Collins,1995-04-26 11:28:36 -0700,Male,White
325350571-5,Alysa,Thomas,Kihn,1967-04-02 03:18:49 -0800,Female,White
718569842-1,Kellen,Eulah,Spinka,1982-09-12 05:47:10 -0700,Male,American Indian or Alaskan Native
892978561-1,Cornelius,Conor,Schneider,1988-07-31 16:17:02 -0700,Female,White
516609739-4,Robyn,Felicity,Borer,1969-03-11 03:51:24 -0800,Female,White
697731350-1,Enos,Floy,VonRueden,1991-10-21 05:43:53 -0700,Female,White
695504542-3,Martina,Rebekah,Dickens,1978-06-04 16:53:32 -0700,Female,Asian or Pacific Islander
659452510-7,Cassandra,Hildegard,Greenholt,1974-08-18 13:56:05 -0700,Female,Hispanic
480456089-0,Giles,Elroy,Huel,1984-12-31 15:27:05 -0800,Male,Black
154791523-4,Mortimer,Harvey,Grant,1960-02-08 12:05:24 -0800,Male,Black
215305381-1,Rashad,Tanya,Thiel,1993-07-30 08:29:57 -0700,Male,Hispanic
944008694-7,Eda,Colton,Morar,1979-10-01 08:53:40 -0700,Female,American Indian or Alaskan Native
427538492-X,Virginia,Javonte,Considine,1984-04-17 23:03:30 -0800,Male,American Indian or Alaskan Native
560300124-0,Jaren,Tyrese,Bernhard,1985-09-03 13:31:22 -0700,Female,Hispanic
737365972-1,Darian,Mathilde,Schowalter,1993-10-30 07:32:35 -0700,Male,American Indian or Alaskan Native
759545616-9,Torrey,Dennis,Koch,1961-04-21 01:03:57 -0800,Female,Hispanic
128312511-0,Gia,Shanny,Prohaska,1978-05-12 17:18:58 -0700,Female,Asian or Pacific Islander
816693012-9,Madisyn,Forrest,King,1977-01-06 08:39:14 -0800,Female,American Indian or Alaskan Native
892769596-8,Darrick,Haskell,Conn,1974-12-07 22:09:46 -0800,Male,Black
002838610-8,Mathilde,Bethany,Botsford,1953-05-17 00:20:08 -0700,Male,Hispanic
678921325-2,Austen,Vaughn,Schaden,1962-07-20 16:16:29 -0700,Male,White
399992857-3,Elza,Alexandro,Bartell,1958-10-07 11:11:24 -0800,Male,Hispanic
334468397-7,Nikolas,Angelica,Wehner,1969-09-19 23:04:44 -0700,Male,Asian or Pacific Islander
432615339-3,Aisha,Reagan,Lockman,1996-05-14 10:29:36 -0700,Female,Hispanic
227630685-8,Emerson,Mekhi,Botsford,1998-04-30 08:18:58 -0700,Female,White
495276657-8,Cooper,Frieda,Bartoletti,1986-08-04 13:22:04 -0700,Male,American Indian or Alaskan Native
125433337-1,Claire,Freddy,Buckridge,1969-01-29 22:55:17 -0800,Female,American Indian or Alaskan Native
821351848-9,Buford,Jaydon,Luettgen,1997-02-20 02:02:26 -0800,Male,American Indian or Alaskan Native
350295280-9,Elisha,Ivy,Treutel,1981-06-19 02:06:49 -0700,Male,Black
656361561-9,Eulah,Addison,Gaylord,1994-12-30 09:27:35 -0800,Male,Hispanic
385559395-7,Odell,Jake,Gottlieb,1984-07-11 07:14:05 -0700,Male,American Indian or Alaskan Native
306549733-6,Rickie,Stewart,Kassulke,1986-07-08 05:38:32 -0700,Male,Asian or Pacific Islander
281475983-3,Zion,Junius,Berge,1953-11-23 14:27:38 -0800,Female,Black
697792910-3,Laurence,Margarette,Runolfsson,1958-12-01 10:59:00 -0800,Female,Black
359380487-5,Silas,Eladio,Green,1969-01-10 14:22:29 -0800,Male,White
558059057-1,Floy,Ayden,Huels,1994-10-13 09:38:35 -0700,Male,Black
182039554-5,Golden,Willis,Hills,1983-03-24 17:37:50 -0800,Female,Asian or Pacific Islander
989176321-8,Aimee,Lupe,Olson,1987-04-17 23:26:37 -0700,Female,Asian or Pacific Islander
426452269-2,Bethany,Leonardo,Lowe,1950-10-23 04:24:24 -0800,Male,American Indian or Alaskan Native
462337800-4,Graciela,Nova,Schaefer,1971-11-11 12:46:23 -0800,Female,White
839830878-8,Michael,Torrance,Wuckert,1947-08-10 18:51:01 -0800,Female,American Indian or Alaskan Native
942657611-8,Norval,Magali,Johnston,1980-04-18 22:40:59 -0800,Male,Asian or Pacific Islander
623458461-6,Katelynn,Luciano,Walsh,1985-11-10 11:36:41 -0800,Male,Asian or Pacific Islander
601800267-1,Sadie,Leonora,Torphy,1998-06-22 13:21:39 -0700,Male,American Indian or Alaskan Native
289128794-0,Helen,Sanford,Lindgren,1973-12-27 20:48:22 -0800,Female,American Indian or Alaskan Native
652450977-3,Ebony,Kaley,Bosco,1959-12-30 18:17:41 -0800,Male,Hispanic
139289335-6,Kelsie,Melyna,Quigley,1984-07-12 19:40:07 -0700,Male,White
200989791-9,Rubie,Janelle,Jenkins,1997-02-26 09:35:47 -0800,Male,Hispanic
997860059-0,Justyn,Hosea,Bogan,1968-02-09 06:54:14 -0800,Male,Black
128559056-2,Brook,Fanny,Shields,1969-06-04 16:00:27 -0700,Female,Hispanic
332515852-8,Clement,Emelie,Rippin,1996-01-01 02:16:47 -0800,Male,Asian or Pacific Islander
129591896-X,Zora,Gilbert,Stark,1954-01-17 19:54:39 -0800,Female,American Indian or Alaskan Native
167655841-1,Kristin,Hyman,Ritchie,1988-06-16 13:30:21 -0700,Male,Asian or Pacific Islander
117208864-0,Arvel,Michelle,Collins,1998-07-10 19:08:52 -0700,Female,Hispanic
953339258-4,Lawson,Hertha,Mills,1977-10-10 11:48:04 -0700,Female,White
109224243-0,Carleton,Filiberto,Daugherty,1980-07-16 07:53:12 -0700,Male,American Indian or Alaskan Native
726781296-1,Vivian,Everardo,Dietrich,1955-11-24 04:33:06 -0800,Male,Hispanic
009576159-4,Claudie,Thaddeus,Runte,1994-11-10 00:41:59 -0800,Female,White
245312667-9,Daphne,Eve,Lueilwitz,1973-12-15 10:09:32 -0800,Female,Asian or Pacific Islander
817531232-7,Rocio,Franz,Davis,1987-01-12 15:14:58 -0800,Female,Hispanic
203807148-9,Ally,Wilburn,Bahringer,1991-01-13 17:39:07 -0800,Female,Hispanic
286413730-5,Celestino,Lucious,Harvey,1974-01-03 16:18:43 -0800,Male,White
084678764-4,Jamison,Grace,O'Connell,1952-03-02 21:27:30 -0800,Female,Hispanic
620430368-6,Milo,Cora,Koelpin,1989-11-16 09:19:08 -0800,Female,White
208094565-3,Sophia,Mario,Anderson,1972-07-04 00:03:58 -0700,Male,American Indian or Alaskan Native
371023992-3,Herta,Mya,Green,1975-01-23 21:26:32 -0800,Male,Hispanic
237504835-0,Emelia,Roberto,Ratke,1979-05-08 12:25:41 -0700,Male,Asian or Pacific Islander
071646599-X,Delphia,Sylvester,Harvey,1950-11-30 09:26:06 -0800,Male,White
070419356-6,Deontae,Jade,Cruickshank,1955-12-20 11:05:30 -0800,Female,Hispanic
295486388-9,Tremayne,Dandre,Carroll,1967-06-10 16:29:19 -0700,Male,Hispanic
791425490-8,Agustin,Noah,Jacobi,1978-10-18 07:25:27 -0700,Male,American Indian or Alaskan Native
633503602-9,Carley,Coby,O'Reilly,1990-02-23 15:38:30 -0800,Male,Hispanic
853892897-X,Elwyn,Granville,Greenholt,1953-08-19 19:58:58 -0700,Male,Hispanic
789341575-4,Reuben,Judy,Senger,1961-06-14 23:59:19 -0700,Male,Asian or Pacific Islander
712548836-6,Abbey,Rod,Doyle,1987-03-05 16:05:27 -0800,Female,Asian or Pacific Islander
327341074-4,Meredith,Gerry,Cronin,1973-04-14 01:25:55 -0800,Female,White
706747566-X,Reinhold,Gregory,Sanford,1958-01-26 14:07:11 -0800,Female,Asian or Pacific Islander
078302006-6,Forrest,Roxane,Dibbert,1954-04-17 20:20:46 -0800,Female,Asian or Pacific Islander
988244866-6,Trycia,Frederick,Yundt,1980-12-20 03:19:36 -0800,Female,Asian or Pacific Islander
302283084-X,Liam,Elian,Schneider,1960-01-09 19:34:38 -0800,Female,American Indian or Alaskan Native
744532650-2,Chelsea,Brendon,Rogahn,1984-05-12 17:34:50 -0700,Female,White
062096577-0,Julius,Penelope,King,1992-05-05 08:15:01 -0700,Female,American Indian or Alaskan Native
665227262-8,Hayden,Gay,Okuneva,1950-04-21 08:30:24 -0800,Female,Black
845516214-7,Roy,Dessie,Corkery,1960-04-04 14:56:07 -0800,Female,Asian or Pacific Islander
679590488-1,Alfredo,Eileen,Dicki,1954-12-05 01:32:46 -0800,Female,Black
125286590-2,Sabina,Jaunita,Ebert,1949-08-09 10:36:07 -0800,Male,Hispanic
248306168-0,Randall,Asa,Weimann,1970-11-18 20:58:13 -0800,Female,American Indian or Alaskan Native
424184303-4,Blanche,Fatima,Steuber,1983-09-13 19:29:04 -0700,Female,Asian or Pacific Islander
189609034-6,Flossie,Gudrun,Hilll,1952-09-12 14:26:38 -0700,Female,Hispanic
363979048-0,Branson,Alice,Quitzon,1956-07-21 20:24:08 -0700,Male,Black
055067521-3,Ursula,Anjali,Beier,1975-11-24 12:08:11 -0800,Female,American Indian or Alaskan Native
199577496-0,Kevon,Jany,Grant,1950-04-03 12:46:13 -0800,Female,Hispanic
668719183-7,Cody,Nickolas,Heller,1980-04-03 07:53:52 -0800,Female,Asian or Pacific Islander
616440525-4,Korey,Tierra,Mante,1954-08-26 20:11:42 -0700,Female,Hispanic
628477972-0,Araceli,Abigale,Ankunding,1989-12-10 09:14:07 -0800,Male,American Indian or Alaskan Native
995260384-3,Caesar,Hilma,Kirlin,1962-03-12 18:05:51 -0800,Male,White
782370652-0,Porter,Ole,Mohr,1968-04-11 16:33:32 -0800,Female,Black
855603127-7,Mariam,Ottis,Bergstrom,1988-06-14 14:29:50 -0700,Female,White
325741915-5,Jonas,Zander,Wolf,1994-01-06 09:02:35 -0800,Male,Hispanic
211307156-8,Maxine,Ayden,Huel,1974-03-06 22:20:50 -0700,Male,American Indian or Alaskan Native
450511915-7,Santa,Boris,Beier,1997-11-27 20:31:22 -0800,Female,Black
660161207-3,Otha,Tillman,Cole,1985-10-20 03:09:28 -0700,Male,Black
359209864-0,Alexie,Malcolm,Collier,1981-06-30 04:47:47 -0700,Female,Asian or Pacific Islander
246988488-8,Percy,Adrien,Kiehn,1955-07-30 07:30:53 -0700,Male,Hispanic
833850878-0,Christ,Evans,Wisoky,1981-08-15 10:42:48 -0700,Male,White
161656925-5,Bethany,Kane,Rempel,1960-07-06 12:23:26 -0700,Male,American Indian or Alaskan Native
283863529-8,Cyrus,Annamae,Harris,1976-02-11 14:50:16 -0800,Female,White
072901206-9,Emely,Joan,Kohler,1953-04-26 10:07:55 -0700,Female,White
686761115-X,Caroline,Pauline,Hayes,1993-08-31 02:50:15 -0700,Male,Asian or Pacific Islander
827328326-7,Mallory,Gilda,Schmidt,1973-08-05 22:21:38 -0700,Male,Asian or Pacific Islander
974623579-6,Cordia,Paris,Oberbrunner,1947-12-20 02:09:39 -0800,Female,Asian or Pacific Islander
106021460-1,Karson,Sylvan,Koepp,1978-07-14 12:48:11 -0700,Female,White
345726921-1,Amya,Sarah,Deckow,1961-09-27 02:15:26 -0800,Female,Hispanic
394810917-6,Celestino,Krystal,Hackett,1994-02-25 05:06:19 -0800,Male,American Indian or Alaskan Native
071780179-9,Terry,Orin,Tromp,1952-08-13 10:56:17 -0700,Male,White
889103082-1,Maribel,Danny,Nikolaus,1947-03-10 06:55:16 -0800,Male,Hispanic
643727961-3,Sedrick,Bryce,Lubowitz,1961-02-28 13:32:17 -0800,Male,White
728163669-5,Elenor,Mossie,Zulauf,1950-10-30 16:33:11 -0800,Male,White
265525805-3,Vanessa,Estefania,Koepp,1957-04-19 22:13:33 -0800,Male,Hispanic
297653915-4,Marietta,Jeremy,Flatley,1977-09-08 17:36:56 -0700,Male,Asian or Pacific Islander
301119148-4,Abagail,Paxton,Anderson,1976-07-26 04:39:19 -0700,Female,Black
172352356-9,Norene,Willow,Walker,1986-03-04 01:28:31 -0800,Male,Asian or Pacific Islander
457589506-7,Anita,Gerald,Green,1967-07-31 12:06:49 -0700,Male,White
